num_proc, num_proc_row, num_proc_col, block_size, mat_A_rows, mat_A_cols, mat_B_rows, mat_B_cols, gflops, elapsed_time, max_diff, max_rel_diff
1, 1, 1, 32, 32, 32, 32, 32, 0.097280, 0.673686, 0.000000, 0.000000e+00
1, 1, 1, 32, 32, 64, 64, 32, 0.067228, 1.949667, 0.000000, 0.000000e+00
1, 1, 1, 32, 32, 128, 128, 32, 0.375929, 0.697323, 0.000000, 0.000000e+00
1, 1, 1, 32, 32, 156, 156, 32, 0.377970, 0.845274, 0.000000, 0.000000e+00
1, 1, 1, 32, 64, 64, 64, 64, 0.611107, 0.857931, 0.000000, 0.000000e+00
1, 1, 1, 32, 64, 32, 32, 64, 0.349703, 0.749620, 0.000000, 0.000000e+00
1, 1, 1, 32, 64, 128, 128, 64, 1.035772, 1.012362, 0.000000, 0.000000e+00
1, 1, 1, 32, 64, 156, 156, 64, 0.999107, 1.279094, 0.000000, 0.000000e+00
1, 1, 1, 32, 128, 128, 128, 128, 1.580202, 2.654283, 0.000000, 0.000000e+00
1, 1, 1, 32, 128, 32, 32, 128, 0.819782, 1.279091, 0.000000, 0.000000e+00
1, 1, 1, 32, 128, 64, 64, 128, 0.821205, 2.553751, 0.000000, 0.000000e+00
1, 1, 1, 32, 128, 156, 156, 128, 1.768292, 2.890817, 0.000000, 0.000000e+00
1, 1, 1, 32, 256, 256, 256, 256, 2.067951, 16.225930, 0.000000, 0.000000e+00
1, 1, 1, 32, 256, 32, 32, 256, 1.219295, 3.439942, 0.000000, 0.000000e+00
1, 1, 1, 32, 256, 64, 64, 256, 1.788463, 4.690400, 0.000000, 0.000000e+00
1, 1, 1, 32, 256, 128, 128, 256, 1.738932, 9.648001, 0.000000, 0.000000e+00
1, 1, 1, 32, 256, 156, 156, 256, 1.898434, 10.770578, 0.000000, 0.000000e+00
1, 1, 1, 32, 400, 400, 400, 400, 2.159172, 59.281987, 0.000000, 0.000000e+00
1, 1, 1, 32, 400, 32, 32, 400, 1.705902, 6.002691, 0.000000, 0.000000e+00
1, 1, 1, 32, 400, 64, 64, 400, 1.977902, 10.354404, 0.000000, 0.000000e+00
1, 1, 1, 32, 400, 128, 128, 400, 2.134161, 19.192553, 0.000000, 0.000000e+00
1, 1, 1, 32, 400, 156, 156, 400, 2.210231, 22.585878, 0.000000, 0.000000e+00
1, 1, 1, 32, 512, 512, 512, 512, 1.408504, 190.581980, 0.000000, 0.000000e+00
1, 1, 1, 32, 512, 32, 32, 512, 1.601987, 10.472753, 0.000000, 0.000000e+00
1, 1, 1, 32, 512, 64, 64, 512, 1.783873, 18.809873, 0.000000, 0.000000e+00
1, 1, 1, 32, 512, 128, 128, 512, 1.921212, 34.930492, 0.000000, 0.000000e+00
1, 1, 1, 32, 512, 156, 156, 512, 1.884326, 43.404883, 0.000000, 0.000000e+00
1, 1, 1, 32, 800, 800, 800, 800, 2.101418, 487.289927, 0.000000, 0.000000e+00
1, 1, 1, 32, 800, 32, 32, 800, 1.789289, 22.891769, 0.000000, 0.000000e+00
1, 1, 1, 32, 800, 64, 64, 800, 2.086814, 39.256011, 0.000000, 0.000000e+00
1, 1, 1, 32, 800, 128, 128, 800, 2.176987, 75.259995, 0.000000, 0.000000e+00
1, 1, 1, 32, 800, 156, 156, 800, 2.120103, 94.184117, 0.000000, 0.000000e+00
1, 1, 1, 32, 1024, 1024, 1024, 1024, 0.978474, 2194.727447, 0.000000, 0.000000e+00
1, 1, 1, 32, 1024, 32, 32, 1024, 1.547980, 43.352531, 0.000000, 0.000000e+00
1, 1, 1, 32, 1024, 64, 64, 1024, 1.748145, 76.777218, 0.000000, 0.000000e+00
1, 1, 1, 32, 1024, 128, 128, 1024, 1.790903, 149.888312, 0.000000, 0.000000e+00
1, 1, 1, 32, 1024, 156, 156, 1024, 1.704239, 191.965815, 0.000000, 0.000000e+00
1, 1, 1, 32, 2048, 2048, 2048, 2048, 0.693153, 24785.093719, 0.000000, 0.000000e+00
1, 1, 1, 32, 2048, 32, 32, 2048, 1.494708, 179.590555, 0.000000, 0.000000e+00
1, 1, 1, 32, 2048, 64, 64, 2048, 1.645215, 326.322683, 0.000000, 0.000000e+00
1, 1, 1, 32, 2048, 128, 128, 2048, 1.760945, 609.753239, 0.000000, 0.000000e+00
1, 1, 1, 32, 2048, 156, 156, 2048, 1.722662, 759.651330, 0.000000, 0.000000e+00
1, 1, 1, 32, 3000, 3000, 3000, 3000, 2.292806, 23551.924489, 0.000000, 0.000000e+00
1, 1, 1, 32, 3000, 32, 32, 3000, 1.917281, 300.425457, 0.000000, 0.000000e+00
1, 1, 1, 32, 3000, 64, 64, 3000, 2.115156, 544.640630, 0.000000, 0.000000e+00
1, 1, 1, 32, 3000, 128, 128, 3000, 2.181760, 1056.028129, 0.000000, 0.000000e+00
1, 1, 1, 32, 3000, 156, 156, 3000, 2.203563, 1274.299658, 0.000000, 0.000000e+00
1, 1, 1, 32, 4096, 4096, 4096, 4096, 0.358420, 383457.866028, 0.000000, 0.000000e+00
1, 1, 1, 32, 4096, 32, 32, 4096, 1.570778, 683.573260, 0.000000, 0.000000e+00
1, 1, 1, 32, 4096, 64, 64, 4096, 1.777001, 1208.487306, 0.000000, 0.000000e+00
1, 1, 1, 32, 4096, 128, 128, 4096, 1.926948, 2228.896613, 0.000000, 0.000000e+00
1, 1, 1, 32, 4096, 156, 156, 4096, 1.927418, 2715.805243, 0.000000, 0.000000e+00
1, 1, 1, 32, 6000, 6000, 6000, 6000, 2.198188, 196525.485235, 0.000000, 0.000000e+00
1, 1, 1, 32, 6000, 32, 32, 6000, 1.967836, 1170.829559, 0.000000, 0.000000e+00
1, 1, 1, 32, 6000, 64, 64, 6000, 2.145521, 2147.730316, 0.000000, 0.000000e+00
1, 1, 1, 32, 6000, 128, 128, 6000, 2.212333, 4165.738669, 0.000000, 0.000000e+00
1, 1, 1, 32, 6000, 156, 156, 6000, 2.333767, 4812.820558, 0.000000, 0.000000e+00
1, 1, 1, 32, 8192, 8192, 8192, 8192, 0.329379, 3338133.691811, 0.000000, 0.000000e+00
1, 1, 1, 32, 8192, 32, 32, 8192, 1.579287, 2719.561135, 0.000000, 0.000000e+00
1, 1, 1, 32, 8192, 64, 64, 8192, 1.393473, 6164.405315, 0.000000, 0.000000e+00
1, 1, 1, 32, 8192, 128, 128, 8192, 0.984090, 17457.618392, 0.000000, 0.000000e+00
1, 1, 1, 32, 8192, 156, 156, 8192, 1.097138, 19084.169223, 0.000000, 0.000000e+00
1, 1, 1, 32, 10000, 10000, 10000, 10000, 1.034709, 1932910.613077, 0.000000, 0.000000e+00
1, 1, 1, 32, 10000, 32, 32, 10000, 1.974675, 3241.039032, 0.000000, 0.000000e+00
1, 1, 1, 32, 10000, 64, 64, 10000, 2.181503, 5867.513517, 0.000000, 0.000000e+00
1, 1, 1, 32, 10000, 128, 128, 10000, 2.313245, 11066.704699, 0.000000, 0.000000e+00
1, 1, 1, 32, 10000, 156, 156, 10000, 2.357865, 13232.308342, 0.000000, 0.000000e+00
2, 2, 1, 32, 32, 32, 32, 32, 0.020052, 3.268354, 0.000000, 0.000000e+00
2, 2, 1, 32, 32, 64, 64, 32, 0.027371, 4.788650, 0.000000, 0.000000e+00
2, 2, 1, 32, 32, 128, 128, 32, 0.069522, 3.770650, 0.000000, 0.000000e+00
2, 2, 1, 32, 32, 156, 156, 32, 0.089986, 3.550436, 0.000000, 0.000000e+00
2, 2, 1, 32, 64, 64, 64, 64, 0.131733, 3.979930, 0.000000, 0.000000e+00
2, 2, 1, 32, 64, 32, 32, 64, 0.071540, 3.664302, 0.000000, 0.000000e+00
2, 2, 1, 32, 64, 128, 128, 64, 0.240910, 4.352555, 0.000000, 0.000000e+00
2, 2, 1, 32, 64, 156, 156, 64, 0.293960, 4.347374, 0.000000, 0.000000e+00
2, 2, 1, 32, 128, 128, 128, 128, 0.684927, 6.123722, 0.000000, 0.000000e+00
2, 2, 1, 32, 128, 32, 32, 128, 0.219577, 4.775436, 0.000000, 0.000000e+00
2, 2, 1, 32, 128, 64, 64, 128, 0.413653, 5.069836, 0.000000, 0.000000e+00
2, 2, 1, 32, 128, 156, 156, 128, 0.664715, 7.690226, 0.000000, 0.000000e+00
2, 2, 1, 32, 256, 256, 256, 256, 1.871503, 17.929137, 0.000000, 0.000000e+00
2, 2, 1, 32, 256, 32, 32, 256, 0.632764, 6.628541, 0.000000, 0.000000e+00
2, 2, 1, 32, 256, 64, 64, 256, 0.930464, 9.015506, 0.000000, 0.000000e+00
2, 2, 1, 32, 256, 128, 128, 256, 1.352353, 12.405946, 0.000000, 0.000000e+00
2, 2, 1, 32, 256, 156, 156, 256, 1.471342, 13.896993, 0.000000, 0.000000e+00
2, 2, 1, 32, 400, 400, 400, 400, 3.185465, 40.182511, 0.000000, 0.000000e+00
2, 2, 1, 32, 400, 32, 32, 400, 0.990874, 10.334316, 0.000000, 0.000000e+00
2, 2, 1, 32, 400, 64, 64, 400, 1.360318, 15.055308, 0.000000, 0.000000e+00
2, 2, 1, 32, 400, 128, 128, 400, 1.634371, 25.061628, 0.000000, 0.000000e+00
2, 2, 1, 32, 400, 156, 156, 400, 2.341402, 21.320557, 0.000000, 0.000000e+00
2, 2, 1, 32, 512, 512, 512, 512, 2.616001, 102.612884, 0.000000, 0.000000e+00
2, 2, 1, 32, 512, 32, 32, 512, 1.084049, 15.476430, 0.000000, 0.000000e+00
2, 2, 1, 32, 512, 64, 64, 512, 1.700982, 19.726510, 0.000000, 0.000000e+00
2, 2, 1, 32, 512, 128, 128, 512, 2.592948, 25.881303, 0.000000, 0.000000e+00
2, 2, 1, 32, 512, 156, 156, 512, 2.514075, 32.532418, 0.000000, 0.000000e+00
2, 2, 1, 32, 800, 800, 800, 800, 4.026480, 254.316448, 0.000000, 0.000000e+00
2, 2, 1, 32, 800, 32, 32, 800, 2.042806, 20.050849, 0.000000, 0.000000e+00
2, 2, 1, 32, 800, 64, 64, 800, 2.446383, 33.486172, 0.000000, 0.000000e+00
2, 2, 1, 32, 800, 128, 128, 800, 3.156447, 51.906456, 0.000000, 0.000000e+00
2, 2, 1, 32, 800, 156, 156, 800, 3.154154, 63.306993, 0.000000, 0.000000e+00
2, 2, 1, 32, 1024, 1024, 1024, 1024, 1.872761, 1146.693875, 0.000000, 0.000000e+00
2, 2, 1, 32, 1024, 32, 32, 1024, 1.275065, 52.631729, 0.000000, 0.000000e+00
2, 2, 1, 32, 1024, 64, 64, 1024, 2.406444, 55.774291, 0.000000, 0.000000e+00
2, 2, 1, 32, 1024, 128, 128, 1024, 2.774394, 96.754629, 0.000000, 0.000000e+00
2, 2, 1, 32, 1024, 156, 156, 1024, 3.065783, 106.711958, 0.000000, 0.000000e+00
2, 2, 1, 32, 2048, 2048, 2048, 2048, 1.421857, 12082.695973, 0.000000, 0.000000e+00
2, 2, 1, 32, 2048, 32, 32, 2048, 2.186878, 122.748245, 0.000000, 0.000000e+00
2, 2, 1, 32, 2048, 64, 64, 2048, 2.705648, 198.425993, 0.000000, 0.000000e+00
2, 2, 1, 32, 2048, 128, 128, 2048, 3.166691, 339.073789, 0.000000, 0.000000e+00
2, 2, 1, 32, 2048, 156, 156, 2048, 3.092502, 423.159939, 0.000000, 0.000000e+00
2, 2, 1, 32, 3000, 3000, 3000, 3000, 4.494617, 12014.370988, 0.000000, 0.000000e+00
2, 2, 1, 32, 3000, 32, 32, 3000, 2.927977, 196.722862, 0.000000, 0.000000e+00
2, 2, 1, 32, 3000, 64, 64, 3000, 3.380801, 340.747650, 0.000000, 0.000000e+00
2, 2, 1, 32, 3000, 128, 128, 3000, 3.917493, 588.131302, 0.000000, 0.000000e+00
2, 2, 1, 32, 3000, 156, 156, 3000, 3.980288, 705.476536, 0.000000, 0.000000e+00
2, 2, 1, 32, 4096, 4096, 4096, 4096, 0.697171, 197138.126564, 0.000000, 0.000000e+00
2, 2, 1, 32, 4096, 32, 32, 4096, 2.391392, 449.002865, 0.000000, 0.000000e+00
2, 2, 1, 32, 4096, 64, 64, 4096, 2.674331, 802.998452, 0.000000, 0.000000e+00
2, 2, 1, 32, 4096, 128, 128, 4096, 3.440318, 1248.421597, 0.000000, 0.000000e+00
2, 2, 1, 32, 4096, 156, 156, 4096, 2.074786, 2522.906919, 0.000000, 0.000000e+00
2, 2, 1, 32, 6000, 6000, 6000, 6000, 4.321593, 99963.148807, 0.000000, 0.000000e+00
2, 2, 1, 32, 6000, 32, 32, 6000, 3.015327, 764.096292, 0.000000, 0.000000e+00
2, 2, 1, 32, 6000, 64, 64, 6000, 3.708695, 1242.485614, 0.000000, 0.000000e+00
2, 2, 1, 32, 6000, 128, 128, 6000, 3.800104, 2425.196862, 0.000000, 0.000000e+00
2, 2, 1, 32, 6000, 156, 156, 6000, 3.993860, 2812.317008, 0.000000, 0.000000e+00
2, 2, 1, 32, 8192, 8192, 8192, 8192, 0.638606, 1721736.381183, 0.000000, 0.000000e+00
2, 2, 1, 32, 8192, 32, 32, 8192, 2.539123, 1691.516191, 0.000000, 0.000000e+00
2, 2, 1, 32, 8192, 64, 64, 8192, 3.149191, 2727.663736, 0.000000, 0.000000e+00
2, 2, 1, 32, 8192, 128, 128, 8192, 2.410727, 7126.425335, 0.000000, 0.000000e+00
2, 2, 1, 32, 8192, 156, 156, 8192, 2.062766, 10150.431957, 0.000000, 0.000000e+00
2, 2, 1, 32, 10000, 10000, 10000, 10000, 2.053437, 973976.938387, 0.000000, 0.000000e+00
2, 2, 1, 32, 10000, 32, 32, 10000, 3.118669, 2052.157597, 0.000000, 0.000000e+00
2, 2, 1, 32, 10000, 64, 64, 10000, 3.811188, 3358.533056, 0.000000, 0.000000e+00
2, 2, 1, 32, 10000, 128, 128, 10000, 4.050683, 6319.922278, 0.000000, 0.000000e+00
2, 2, 1, 32, 10000, 156, 156, 10000, 4.195923, 7435.790016, 0.000000, 0.000000e+00
4, 2, 2, 32, 32, 32, 32, 32, 0.016970, 3.861881, 0.000000, 0.000000e+00
4, 2, 2, 32, 32, 64, 64, 32, 0.028244, 4.640664, 0.000000, 0.000000e+00
4, 2, 2, 32, 32, 128, 128, 32, 0.049807, 5.263223, 0.000000, 0.000000e+00
4, 2, 2, 32, 32, 156, 156, 32, 0.065650, 4.866551, 0.000000, 0.000000e+00
4, 2, 2, 32, 64, 64, 64, 64, 0.113750, 4.609129, 0.000000, 0.000000e+00
4, 2, 2, 32, 64, 32, 32, 64, 0.064597, 4.058143, 0.000000, 0.000000e+00
4, 2, 2, 32, 64, 128, 128, 64, 0.212302, 4.939072, 0.000000, 0.000000e+00
4, 2, 2, 32, 64, 156, 156, 64, 0.283778, 4.503357, 0.000000, 0.000000e+00
4, 2, 2, 32, 128, 128, 128, 128, 0.747202, 5.613345, 0.000000, 0.000000e+00
4, 2, 2, 32, 128, 32, 32, 128, 0.200913, 5.219052, 0.000000, 0.000000e+00
4, 2, 2, 32, 128, 64, 64, 128, 0.493337, 4.250952, 0.000000, 0.000000e+00
4, 2, 2, 32, 128, 156, 156, 128, 0.790916, 6.463152, 0.000000, 0.000000e+00
4, 2, 2, 32, 256, 256, 256, 256, 1.237391, 27.117084, 0.000000, 0.000000e+00
4, 2, 2, 32, 256, 32, 32, 256, 0.537012, 7.810451, 0.000000, 0.000000e+00
4, 2, 2, 32, 256, 64, 64, 256, 1.094725, 7.662755, 0.000000, 0.000000e+00
4, 2, 2, 32, 256, 128, 128, 256, 1.500969, 11.177589, 0.000000, 0.000000e+00
4, 2, 2, 32, 256, 156, 156, 256, 1.592960, 12.835995, 0.000000, 0.000000e+00
4, 2, 2, 32, 400, 400, 400, 400, 4.188364, 30.560859, 0.000000, 0.000000e+00
4, 2, 2, 32, 400, 32, 32, 400, 0.775963, 13.196510, 0.000000, 0.000000e+00
4, 2, 2, 32, 400, 64, 64, 400, 1.492060, 13.725985, 0.000000, 0.000000e+00
4, 2, 2, 32, 400, 128, 128, 400, 2.253044, 18.179852, 0.000000, 0.000000e+00
4, 2, 2, 32, 400, 156, 156, 400, 2.365702, 21.101560, 0.000000, 0.000000e+00
4, 2, 2, 32, 512, 512, 512, 512, 3.526821, 76.112580, 0.000000, 0.000000e+00
4, 2, 2, 32, 512, 32, 32, 512, 1.065718, 15.742644, 0.000000, 0.000000e+00
4, 2, 2, 32, 512, 64, 64, 512, 1.830480, 18.330944, 0.000000, 0.000000e+00
4, 2, 2, 32, 512, 128, 128, 512, 2.941845, 22.811830, 0.000000, 0.000000e+00
4, 2, 2, 32, 512, 156, 156, 512, 3.132737, 26.107821, 0.000000, 0.000000e+00
4, 2, 2, 32, 800, 800, 800, 800, 4.178451, 245.066918, 0.000000, 0.000000e+00
4, 2, 2, 32, 800, 32, 32, 800, 1.535926, 26.667959, 0.000000, 0.000000e+00
4, 2, 2, 32, 800, 64, 64, 800, 2.372472, 34.529390, 0.000000, 0.000000e+00
4, 2, 2, 32, 800, 128, 128, 800, 4.369550, 37.495849, 0.000000, 0.000000e+00
4, 2, 2, 32, 800, 156, 156, 800, 3.028669, 65.929960, 0.000000, 0.000000e+00
4, 2, 2, 32, 1024, 1024, 1024, 1024, 3.418072, 628.273448, 0.000000, 0.000000e+00
4, 2, 2, 32, 1024, 32, 32, 1024, 1.673698, 40.096156, 0.000000, 0.000000e+00
4, 2, 2, 32, 1024, 64, 64, 1024, 3.303792, 40.625360, 0.000000, 0.000000e+00
4, 2, 2, 32, 1024, 128, 128, 1024, 4.363579, 61.517265, 0.000000, 0.000000e+00
4, 2, 2, 32, 1024, 156, 156, 1024, 2.679572, 122.092514, 0.000000, 0.000000e+00
4, 2, 2, 32, 2048, 2048, 2048, 2048, 3.641618, 4717.647754, 0.000000, 0.000000e+00
4, 2, 2, 32, 2048, 32, 32, 2048, 1.980994, 135.505445, 0.000000, 0.000000e+00
4, 2, 2, 32, 2048, 64, 64, 2048, 3.895949, 137.802343, 0.000000, 0.000000e+00
4, 2, 2, 32, 2048, 128, 128, 2048, 4.579353, 234.474590, 0.000000, 0.000000e+00
4, 2, 2, 32, 2048, 156, 156, 2048, 4.384467, 298.467937, 0.000000, 0.000000e+00
4, 2, 2, 32, 3000, 3000, 3000, 3000, 8.239698, 6553.637998, 0.000000, 0.000000e+00
4, 2, 2, 32, 3000, 32, 32, 3000, 2.408127, 239.190062, 0.000000, 0.000000e+00
4, 2, 2, 32, 3000, 64, 64, 3000, 4.816443, 239.180674, 0.000000, 0.000000e+00
4, 2, 2, 32, 3000, 128, 128, 3000, 6.462225, 356.533521, 0.000000, 0.000000e+00
4, 2, 2, 32, 3000, 156, 156, 3000, 5.716745, 491.188607, 0.000000, 0.000000e+00
4, 2, 2, 32, 4096, 4096, 4096, 4096, 1.364419, 100730.736429, 0.000000, 0.000000e+00
4, 2, 2, 32, 4096, 32, 32, 4096, 2.122787, 505.817093, 0.000000, 0.000000e+00
4, 2, 2, 32, 4096, 64, 64, 4096, 4.490569, 478.220797, 0.000000, 0.000000e+00
4, 2, 2, 32, 4096, 128, 128, 4096, 5.601737, 766.720685, 0.000000, 0.000000e+00
4, 2, 2, 32, 4096, 156, 156, 4096, 5.214735, 1003.788507, 0.000000, 0.000000e+00
4, 2, 2, 32, 6000, 6000, 6000, 6000, 8.469125, 51008.809228, 0.000000, 0.000000e+00
4, 2, 2, 32, 6000, 32, 32, 6000, 2.632662, 875.159689, 0.000000, 0.000000e+00
4, 2, 2, 32, 6000, 64, 64, 6000, 5.348434, 861.560653, 0.000000, 0.000000e+00
4, 2, 2, 32, 6000, 128, 128, 6000, 6.798466, 1355.599883, 0.000000, 0.000000e+00
4, 2, 2, 32, 6000, 156, 156, 6000, 5.995453, 1873.419709, 0.000000, 0.000000e+00
4, 2, 2, 32, 8192, 8192, 8192, 8192, 1.256629, 874969.287959, 0.000000, 0.000000e+00
4, 2, 2, 32, 8192, 32, 32, 8192, 2.294672, 1871.712697, 0.000000, 0.000000e+00
4, 2, 2, 32, 8192, 64, 64, 8192, 4.619417, 1859.527818, 0.000000, 0.000000e+00
4, 2, 2, 32, 8192, 128, 128, 8192, 4.419302, 3887.462559, 0.000000, 0.000000e+00
4, 2, 2, 32, 8192, 156, 156, 8192, 3.367164, 6218.279847, 0.000000, 0.000000e+00
4, 2, 2, 32, 10000, 10000, 10000, 10000, 8.532023, 234411.007018, 0.000000, 0.000000e+00
4, 2, 2, 32, 10000, 32, 32, 10000, 2.687719, 2381.201407, 0.000000, 0.000000e+00
4, 2, 2, 32, 10000, 64, 64, 10000, 5.651667, 2264.818453, 0.000000, 0.000000e+00
4, 2, 2, 32, 10000, 128, 128, 10000, 6.781028, 3775.238678, 0.000000, 0.000000e+00
4, 2, 2, 32, 10000, 156, 156, 10000, 6.014878, 5187.137632, 0.000000, 0.000000e+00
6, 3, 2, 32, 32, 32, 32, 32, 0.014805, 4.426508, 0.000000, 0.000000e+00
6, 3, 2, 32, 32, 64, 64, 32, 0.026957, 4.862339, 0.000000, 0.000000e+00
6, 3, 2, 32, 32, 128, 128, 32, 0.050517, 5.189197, 0.000000, 0.000000e+00
6, 3, 2, 32, 32, 156, 156, 32, 0.051226, 6.236815, 0.000000, 0.000000e+00
6, 3, 2, 32, 64, 64, 64, 64, 0.096077, 5.456945, 0.000000, 0.000000e+00
6, 3, 2, 32, 64, 32, 32, 64, 0.049216, 5.326386, 0.000000, 0.000000e+00
6, 3, 2, 32, 64, 128, 128, 64, 0.167437, 6.262513, 0.000000, 0.000000e+00
6, 3, 2, 32, 64, 156, 156, 64, 0.206918, 6.176124, 0.000000, 0.000000e+00
6, 3, 2, 32, 128, 128, 128, 128, 0.509003, 8.240230, 0.000000, 0.000000e+00
6, 3, 2, 32, 128, 32, 32, 128, 0.203348, 5.156547, 0.000000, 0.000000e+00
6, 3, 2, 32, 128, 64, 64, 128, 0.368098, 5.697260, 0.000000, 0.000000e+00
6, 3, 2, 32, 128, 156, 156, 128, 0.620162, 8.242699, 0.000000, 0.000000e+00
6, 3, 2, 32, 256, 256, 256, 256, 2.483932, 13.508593, 0.000000, 0.000000e+00
6, 3, 2, 32, 256, 32, 32, 256, 0.536592, 7.816563, 0.000000, 0.000000e+00
6, 3, 2, 32, 256, 64, 64, 256, 0.964192, 8.700145, 0.000000, 0.000000e+00
6, 3, 2, 32, 256, 128, 128, 256, 1.786571, 9.390734, 0.000000, 0.000000e+00
6, 3, 2, 32, 256, 156, 156, 256, 1.793146, 11.402993, 0.000000, 0.000000e+00
6, 3, 2, 32, 400, 400, 400, 400, 4.843292, 26.428308, 0.000000, 0.000000e+00
6, 3, 2, 32, 400, 32, 32, 400, 1.030710, 9.934897, 0.000000, 0.000000e+00
6, 3, 2, 32, 400, 64, 64, 400, 1.910231, 10.721215, 0.000000, 0.000000e+00
6, 3, 2, 32, 400, 128, 128, 400, 3.077269, 13.310504, 0.000000, 0.000000e+00
6, 3, 2, 32, 400, 156, 156, 400, 3.253114, 15.345299, 0.000000, 0.000000e+00
6, 3, 2, 32, 512, 512, 512, 512, 4.265865, 62.926388, 0.000000, 0.000000e+00
6, 3, 2, 32, 512, 32, 32, 512, 1.143237, 14.675180, 0.000000, 0.000000e+00
6, 3, 2, 32, 512, 64, 64, 512, 2.487988, 13.486573, 0.000000, 0.000000e+00
6, 3, 2, 32, 512, 128, 128, 512, 3.022943, 22.199847, 0.000000, 0.000000e+00
6, 3, 2, 32, 512, 156, 156, 512, 2.597490, 31.487676, 0.000000, 0.000000e+00
6, 3, 2, 32, 800, 800, 800, 800, 4.692112, 218.238588, 0.000000, 0.000000e+00
6, 3, 2, 32, 800, 32, 32, 800, 1.636260, 25.032702, 0.000000, 0.000000e+00
6, 3, 2, 32, 800, 64, 64, 800, 3.314973, 24.712119, 0.000000, 0.000000e+00
6, 3, 2, 32, 800, 128, 128, 800, 3.593122, 45.598226, 0.000000, 0.000000e+00
6, 3, 2, 32, 800, 156, 156, 800, 5.037680, 39.637295, 0.000000, 0.000000e+00
6, 3, 2, 32, 1024, 1024, 1024, 1024, 4.347744, 493.930510, 0.000000, 0.000000e+00
6, 3, 2, 32, 1024, 32, 32, 1024, 1.937718, 34.632930, 0.000000, 0.000000e+00
6, 3, 2, 32, 1024, 64, 64, 1024, 2.885135, 46.520435, 0.000000, 0.000000e+00
6, 3, 2, 32, 1024, 128, 128, 1024, 5.378280, 49.911021, 0.000000, 0.000000e+00
6, 3, 2, 32, 1024, 156, 156, 1024, 5.214049, 62.745037, 0.000000, 0.000000e+00
6, 3, 2, 32, 2048, 2048, 2048, 2048, 3.983582, 4312.668690, 0.000000, 0.000000e+00
6, 3, 2, 32, 2048, 32, 32, 2048, 1.973788, 136.000116, 0.000000, 0.000000e+00
6, 3, 2, 32, 2048, 64, 64, 2048, 4.838505, 110.958005, 0.000000, 0.000000e+00
6, 3, 2, 32, 2048, 128, 128, 2048, 4.546984, 236.143721, 0.000000, 0.000000e+00
6, 3, 2, 32, 2048, 156, 156, 2048, 5.540527, 236.191026, 0.000000, 0.000000e+00
6, 3, 2, 32, 3000, 3000, 3000, 3000, 11.745655, 4597.444915, 0.000000, 0.000000e+00
6, 3, 2, 32, 3000, 32, 32, 3000, 3.344928, 172.200995, 0.000000, 0.000000e+00
6, 3, 2, 32, 3000, 64, 64, 3000, 6.419448, 179.454679, 0.000000, 0.000000e+00
6, 3, 2, 32, 3000, 128, 128, 3000, 7.945425, 289.978184, 0.000000, 0.000000e+00
6, 3, 2, 32, 3000, 156, 156, 3000, 7.444829, 377.174569, 0.000000, 0.000000e+00
6, 3, 2, 32, 4096, 4096, 4096, 4096, 2.039808, 67378.382031, 0.000000, 0.000000e+00
6, 3, 2, 32, 4096, 32, 32, 4096, 2.736574, 392.367156, 0.000000, 0.000000e+00
6, 3, 2, 32, 4096, 64, 64, 4096, 5.698371, 376.859237, 0.000000, 0.000000e+00
6, 3, 2, 32, 4096, 128, 128, 4096, 7.166557, 599.306925, 0.000000, 0.000000e+00
6, 3, 2, 32, 4096, 156, 156, 4096, 6.627324, 789.834867, 0.000000, 0.000000e+00
6, 3, 2, 32, 6000, 6000, 6000, 6000, 12.542911, 34441.766516, 0.000000, 0.000000e+00
6, 3, 2, 32, 6000, 32, 32, 6000, 3.443052, 669.173816, 0.000000, 0.000000e+00
6, 3, 2, 32, 6000, 64, 64, 6000, 6.870393, 670.703997, 0.000000, 0.000000e+00
6, 3, 2, 32, 6000, 128, 128, 6000, 8.354470, 1103.122020, 0.000000, 0.000000e+00
6, 3, 2, 32, 6000, 156, 156, 6000, 8.117711, 1383.641353, 0.000000, 0.000000e+00
6, 3, 2, 32, 8192, 8192, 8192, 8192, 1.892929, 580852.055744, 0.000000, 0.000000e+00
6, 3, 2, 32, 8192, 32, 32, 8192, 2.797669, 1535.194792, 0.000000, 0.000000e+00
6, 3, 2, 32, 8192, 64, 64, 8192, 5.784906, 1484.887503, 0.000000, 0.000000e+00
6, 3, 2, 32, 8192, 128, 128, 8192, 7.538147, 2279.057333, 0.000000, 0.000000e+00
6, 3, 2, 32, 8192, 156, 156, 8192, 7.222040, 2899.175890, 0.000000, 0.000000e+00
6, 3, 2, 32, 10000, 10000, 10000, 10000, 12.741702, 156964.899381, 0.000000, 0.000000e+00
6, 3, 2, 32, 10000, 32, 32, 10000, 3.578101, 1788.658252, 0.000000, 0.000000e+00
6, 3, 2, 32, 10000, 64, 64, 10000, 6.873970, 1862.097025, 0.000000, 0.000000e+00
6, 3, 2, 32, 10000, 128, 128, 10000, 9.048108, 2829.320725, 0.000000, 0.000000e+00
6, 3, 2, 32, 10000, 156, 156, 10000, 8.566275, 3642.189940, 0.000000, 0.000000e+00
8, 4, 2, 32, 32, 32, 32, 32, 0.012482, 5.250404, 0.000000, 0.000000e+00
8, 4, 2, 32, 32, 64, 64, 32, 0.023835, 5.499202, 0.000000, 0.000000e+00
8, 4, 2, 32, 32, 128, 128, 32, 0.041294, 6.348187, 0.000000, 0.000000e+00
8, 4, 2, 32, 32, 156, 156, 32, 0.057409, 5.565163, 0.000000, 0.000000e+00
8, 4, 2, 32, 64, 64, 64, 64, 0.080480, 6.514541, 0.000000, 0.000000e+00
8, 4, 2, 32, 64, 32, 32, 64, 0.055067, 4.760460, 0.000000, 0.000000e+00
8, 4, 2, 32, 64, 128, 128, 64, 0.172491, 6.079034, 0.000000, 0.000000e+00
8, 4, 2, 32, 64, 156, 156, 64, 0.226019, 5.654183, 0.000000, 0.000000e+00
8, 4, 2, 32, 128, 128, 128, 128, 0.536348, 7.820117, 0.000000, 0.000000e+00
8, 4, 2, 32, 128, 32, 32, 128, 0.202889, 5.168227, 0.000000, 0.000000e+00
8, 4, 2, 32, 128, 64, 64, 128, 0.264211, 7.937421, 0.000000, 0.000000e+00
8, 4, 2, 32, 128, 156, 156, 128, 0.747844, 6.835398, 0.000000, 0.000000e+00
8, 4, 2, 32, 256, 256, 256, 256, 2.982737, 11.249544, 0.000000, 0.000000e+00
8, 4, 2, 32, 256, 32, 32, 256, 0.481063, 8.718817, 0.000000, 0.000000e+00
8, 4, 2, 32, 256, 64, 64, 256, 1.141841, 7.346564, 0.000000, 0.000000e+00
8, 4, 2, 32, 256, 128, 128, 256, 1.684055, 9.962390, 0.000000, 0.000000e+00
8, 4, 2, 32, 256, 156, 156, 256, 2.120792, 9.641318, 0.000000, 0.000000e+00
8, 4, 2, 32, 400, 400, 400, 400, 4.037546, 31.702424, 0.000000, 0.000000e+00
8, 4, 2, 32, 400, 32, 32, 400, 0.905460, 11.309172, 0.000000, 0.000000e+00
8, 4, 2, 32, 400, 64, 64, 400, 1.696456, 12.072224, 0.000000, 0.000000e+00
8, 4, 2, 32, 400, 128, 128, 400, 2.873371, 14.255033, 0.000000, 0.000000e+00
8, 4, 2, 32, 400, 156, 156, 400, 3.496882, 14.275575, 0.000000, 0.000000e+00
8, 4, 2, 32, 512, 512, 512, 512, 7.201870, 37.273023, 0.000000, 0.000000e+00
8, 4, 2, 32, 512, 32, 32, 512, 1.249357, 13.428681, 0.000000, 0.000000e+00
8, 4, 2, 32, 512, 64, 64, 512, 2.322712, 14.446229, 0.000000, 0.000000e+00
8, 4, 2, 32, 512, 128, 128, 512, 3.519093, 19.069932, 0.000000, 0.000000e+00
8, 4, 2, 32, 512, 156, 156, 512, 4.167958, 19.623263, 0.000000, 0.000000e+00
8, 4, 2, 32, 800, 800, 800, 800, 9.203138, 111.266392, 0.000000, 0.000000e+00
8, 4, 2, 32, 800, 32, 32, 800, 1.909766, 21.447651, 0.000000, 0.000000e+00
8, 4, 2, 32, 800, 64, 64, 800, 3.888771, 21.065779, 0.000000, 0.000000e+00
8, 4, 2, 32, 800, 128, 128, 800, 6.033805, 27.153678, 0.000000, 0.000000e+00
8, 4, 2, 32, 800, 156, 156, 800, 4.100197, 48.700104, 0.000000, 0.000000e+00
8, 4, 2, 32, 1024, 1024, 1024, 1024, 5.908886, 363.432912, 0.000000, 0.000000e+00
8, 4, 2, 32, 1024, 32, 32, 1024, 1.861747, 36.046181, 0.000000, 0.000000e+00
8, 4, 2, 32, 1024, 64, 64, 1024, 4.268277, 31.445413, 0.000000, 0.000000e+00
8, 4, 2, 32, 1024, 128, 128, 1024, 6.510770, 41.229451, 0.000000, 0.000000e+00
8, 4, 2, 32, 1024, 156, 156, 1024, 6.049119, 54.083202, 0.000000, 0.000000e+00
8, 4, 2, 32, 2048, 2048, 2048, 2048, 5.938255, 2893.083655, 0.000000, 0.000000e+00
8, 4, 2, 32, 2048, 32, 32, 2048, 2.836576, 94.633615, 0.000000, 0.000000e+00
8, 4, 2, 32, 2048, 64, 64, 2048, 5.233339, 102.586688, 0.000000, 0.000000e+00
8, 4, 2, 32, 2048, 128, 128, 2048, 6.254541, 171.673968, 0.000000, 0.000000e+00
8, 4, 2, 32, 2048, 156, 156, 2048, 6.634688, 197.239543, 0.000000, 0.000000e+00
8, 4, 2, 32, 3000, 3000, 3000, 3000, 14.823903, 3642.765306, 0.000000, 0.000000e+00
8, 4, 2, 32, 3000, 32, 32, 3000, 3.712363, 155.157232, 0.000000, 0.000000e+00
8, 4, 2, 32, 3000, 64, 64, 3000, 5.218538, 220.751486, 0.000000, 0.000000e+00
8, 4, 2, 32, 3000, 128, 128, 3000, 8.562671, 269.074915, 0.000000, 0.000000e+00
8, 4, 2, 32, 3000, 156, 156, 3000, 7.272992, 386.085952, 0.000000, 0.000000e+00
8, 4, 2, 32, 4096, 4096, 4096, 4096, 2.741444, 50133.775277, 0.000000, 0.000000e+00
8, 4, 2, 32, 4096, 32, 32, 4096, 3.287447, 326.618764, 0.000000, 0.000000e+00
8, 4, 2, 32, 4096, 64, 64, 4096, 6.302751, 340.721634, 0.000000, 0.000000e+00
8, 4, 2, 32, 4096, 128, 128, 4096, 8.889842, 483.132005, 0.000000, 0.000000e+00
8, 4, 2, 32, 4096, 156, 156, 4096, 8.033823, 651.556760, 0.000000, 0.000000e+00
8, 4, 2, 32, 6000, 6000, 6000, 6000, 16.508638, 26168.119428, 0.000000, 0.000000e+00
8, 4, 2, 32, 6000, 32, 32, 6000, 3.822944, 602.676907, 0.000000, 0.000000e+00
8, 4, 2, 32, 6000, 64, 64, 6000, 8.127129, 566.989900, 0.000000, 0.000000e+00
8, 4, 2, 32, 6000, 128, 128, 6000, 10.192514, 904.193050, 0.000000, 0.000000e+00
8, 4, 2, 32, 6000, 156, 156, 6000, 10.046572, 1117.993269, 0.000000, 0.000000e+00
8, 4, 2, 32, 8192, 8192, 8192, 8192, 2.471510, 444874.429374, 0.000000, 0.000000e+00
8, 4, 2, 32, 8192, 32, 32, 8192, 3.516675, 1221.314966, 0.000000, 0.000000e+00
8, 4, 2, 32, 8192, 64, 64, 8192, 7.043342, 1219.582236, 0.000000, 0.000000e+00
8, 4, 2, 32, 8192, 128, 128, 8192, 9.602519, 1789.100204, 0.000000, 0.000000e+00
8, 4, 2, 32, 8192, 156, 156, 8192, 9.219643, 2271.017074, 0.000000, 0.000000e+00
8, 4, 2, 32, 10000, 10000, 10000, 10000, 16.561551, 120761.633474, 0.000000, 0.000000e+00
8, 4, 2, 32, 10000, 32, 32, 10000, 4.296169, 1489.699162, 0.000000, 0.000000e+00
8, 4, 2, 32, 10000, 64, 64, 10000, 7.905630, 1619.099382, 0.000000, 0.000000e+00
8, 4, 2, 32, 10000, 128, 128, 10000, 10.971018, 2333.420654, 0.000000, 0.000000e+00
8, 4, 2, 32, 10000, 156, 156, 10000, 10.654771, 2928.265687, 0.000000, 0.000000e+00
12, 4, 3, 32, 32, 32, 32, 32, 0.012207, 5.368841, 0.000000, 0.000000e+00
12, 4, 3, 32, 32, 64, 64, 32, 0.024552, 5.338654, 0.000000, 0.000000e+00
12, 4, 3, 32, 32, 128, 128, 32, 0.043985, 5.959804, 0.000000, 0.000000e+00
12, 4, 3, 32, 32, 156, 156, 32, 0.051150, 6.246121, 0.000000, 0.000000e+00
12, 4, 3, 32, 64, 64, 64, 64, 0.080058, 6.548851, 0.000000, 0.000000e+00
12, 4, 3, 32, 64, 32, 32, 64, 0.048273, 5.430393, 0.000000, 0.000000e+00
12, 4, 3, 32, 64, 128, 128, 64, 0.169040, 6.203116, 0.000000, 0.000000e+00
12, 4, 3, 32, 64, 156, 156, 64, 0.169526, 7.538387, 0.000000, 0.000000e+00
12, 4, 3, 32, 128, 128, 128, 128, 0.495757, 8.460406, 0.000000, 0.000000e+00
12, 4, 3, 32, 128, 32, 32, 128, 0.153997, 6.809069, 0.000000, 0.000000e+00
12, 4, 3, 32, 128, 64, 64, 128, 0.332499, 6.307250, 0.000000, 0.000000e+00
12, 4, 3, 32, 128, 156, 156, 128, 0.686763, 7.443334, 0.000000, 0.000000e+00
12, 4, 3, 32, 256, 256, 256, 256, 2.345572, 14.305437, 0.000000, 0.000000e+00
12, 4, 3, 32, 256, 32, 32, 256, 0.577151, 7.267250, 0.000000, 0.000000e+00
12, 4, 3, 32, 256, 64, 64, 256, 0.899408, 9.326814, 0.000000, 0.000000e+00
12, 4, 3, 32, 256, 128, 128, 256, 1.282423, 13.082440, 0.000000, 0.000000e+00
12, 4, 3, 32, 256, 156, 156, 256, 2.038534, 10.030363, 0.000000, 0.000000e+00
12, 4, 3, 32, 400, 400, 400, 400, 4.488809, 28.515361, 0.000000, 0.000000e+00
12, 4, 3, 32, 400, 32, 32, 400, 0.883313, 11.592722, 0.000000, 0.000000e+00
12, 4, 3, 32, 400, 64, 64, 400, 1.641675, 12.475060, 0.000000, 0.000000e+00
12, 4, 3, 32, 400, 128, 128, 400, 2.399165, 17.072608, 0.000000, 0.000000e+00
12, 4, 3, 32, 400, 156, 156, 400, 3.162773, 15.783620, 0.000000, 0.000000e+00
12, 4, 3, 32, 512, 512, 512, 512, 5.784505, 46.405955, 0.000000, 0.000000e+00
12, 4, 3, 32, 512, 32, 32, 512, 1.094708, 15.325751, 0.000000, 0.000000e+00
12, 4, 3, 32, 512, 64, 64, 512, 1.978883, 16.956245, 0.000000, 0.000000e+00
12, 4, 3, 32, 512, 128, 128, 512, 3.052040, 21.988201, 0.000000, 0.000000e+00
12, 4, 3, 32, 512, 156, 156, 512, 3.737697, 21.882170, 0.000000, 0.000000e+00
12, 4, 3, 32, 800, 800, 800, 800, 8.196308, 124.934303, 0.000000, 0.000000e+00
12, 4, 3, 32, 800, 32, 32, 800, 1.431038, 28.622589, 0.000000, 0.000000e+00
12, 4, 3, 32, 800, 64, 64, 800, 3.014060, 27.179289, 0.000000, 0.000000e+00
12, 4, 3, 32, 800, 128, 128, 800, 4.462631, 36.713770, 0.000000, 0.000000e+00
12, 4, 3, 32, 800, 156, 156, 800, 4.541495, 43.967904, 0.000000, 0.000000e+00
12, 4, 3, 32, 1024, 1024, 1024, 1024, 6.659311, 322.478369, 0.000000, 0.000000e+00
12, 4, 3, 32, 1024, 32, 32, 1024, 1.522429, 44.080139, 0.000000, 0.000000e+00
12, 4, 3, 32, 1024, 64, 64, 1024, 3.177091, 42.245476, 0.000000, 0.000000e+00
12, 4, 3, 32, 1024, 128, 128, 1024, 4.293360, 62.523403, 0.000000, 0.000000e+00
12, 4, 3, 32, 1024, 156, 156, 1024, 5.072703, 64.493364, 0.000000, 0.000000e+00
12, 4, 3, 32, 2048, 2048, 2048, 2048, 9.004368, 1907.948397, 0.000000, 0.000000e+00
12, 4, 3, 32, 2048, 32, 32, 2048, 2.094152, 128.183364, 0.000000, 0.000000e+00
12, 4, 3, 32, 2048, 64, 64, 2048, 3.770657, 142.381283, 0.000000, 0.000000e+00
12, 4, 3, 32, 2048, 128, 128, 2048, 5.091069, 210.906938, 0.000000, 0.000000e+00
12, 4, 3, 32, 2048, 156, 156, 2048, 5.799852, 225.630404, 0.000000, 0.000000e+00
12, 4, 3, 32, 3000, 3000, 3000, 3000, 20.198122, 2673.515884, 0.000000, 0.000000e+00
12, 4, 3, 32, 3000, 32, 32, 3000, 2.310822, 249.261967, 0.000000, 0.000000e+00
12, 4, 3, 32, 3000, 64, 64, 3000, 5.104189, 225.696967, 0.000000, 0.000000e+00
12, 4, 3, 32, 3000, 128, 128, 3000, 6.115850, 376.726042, 0.000000, 0.000000e+00
12, 4, 3, 32, 3000, 156, 156, 3000, 7.381431, 380.414066, 0.000000, 0.000000e+00
12, 4, 3, 32, 4096, 4096, 4096, 4096, 4.192511, 32782.010200, 0.000000, 0.000000e+00
12, 4, 3, 32, 4096, 32, 32, 4096, 2.394130, 448.489309, 0.000000, 0.000000e+00
12, 4, 3, 32, 4096, 64, 64, 4096, 4.381675, 490.105618, 0.000000, 0.000000e+00
12, 4, 3, 32, 4096, 128, 128, 4096, 6.244588, 687.790382, 0.000000, 0.000000e+00
12, 4, 3, 32, 4096, 156, 156, 4096, 9.050372, 578.373048, 0.000000, 0.000000e+00
12, 4, 3, 32, 6000, 6000, 6000, 6000, 23.529846, 18359.661349, 0.000000, 0.000000e+00
12, 4, 3, 32, 6000, 32, 32, 6000, 3.870992, 595.196283, 0.000000, 0.000000e+00
12, 4, 3, 32, 6000, 64, 64, 6000, 6.499515, 708.975945, 0.000000, 0.000000e+00
12, 4, 3, 32, 6000, 128, 128, 6000, 8.736708, 1054.859510, 0.000000, 0.000000e+00
12, 4, 3, 32, 6000, 156, 156, 6000, 12.049681, 932.140851, 0.000000, 0.000000e+00
12, 4, 3, 32, 8192, 8192, 8192, 8192, 3.576200, 307452.462368, 0.000000, 0.000000e+00
12, 4, 3, 32, 8192, 32, 32, 8192, 3.266345, 1314.915360, 0.000000, 0.000000e+00
12, 4, 3, 32, 8192, 64, 64, 8192, 6.563001, 1308.842399, 0.000000, 0.000000e+00
12, 4, 3, 32, 8192, 128, 128, 8192, 8.503915, 2020.230703, 0.000000, 0.000000e+00
12, 4, 3, 32, 8192, 156, 156, 8192, 11.448727, 1828.846551, 0.000000, 0.000000e+00
12, 4, 3, 32, 10000, 10000, 10000, 10000, 24.416802, 81910.809122, 0.000000, 0.000000e+00
12, 4, 3, 32, 10000, 32, 32, 10000, 3.715086, 1722.705888, 0.000000, 0.000000e+00
12, 4, 3, 32, 10000, 64, 64, 10000, 7.391273, 1731.772142, 0.000000, 0.000000e+00
12, 4, 3, 32, 10000, 128, 128, 10000, 10.337775, 2476.354836, 0.000000, 0.000000e+00
12, 4, 3, 32, 10000, 156, 156, 10000, 12.625957, 2471.099849, 0.000000, 0.000000e+00
16, 4, 4, 32, 32, 32, 32, 32, 0.010832, 6.050317, 0.000000, 0.000000e+00
16, 4, 4, 32, 32, 64, 64, 32, 0.022252, 5.890240, 0.000000, 0.000000e+00
16, 4, 4, 32, 32, 128, 128, 32, 0.037241, 7.039077, 0.000000, 0.000000e+00
16, 4, 4, 32, 32, 156, 156, 32, 0.049416, 6.465336, 0.000000, 0.000000e+00
16, 4, 4, 32, 64, 64, 64, 64, 0.075237, 6.968520, 0.000000, 0.000000e+00
16, 4, 4, 32, 64, 32, 32, 64, 0.048245, 5.433581, 0.000000, 0.000000e+00
16, 4, 4, 32, 64, 128, 128, 64, 0.161796, 6.480860, 0.000000, 0.000000e+00
16, 4, 4, 32, 64, 156, 156, 64, 0.160622, 7.956262, 0.000000, 0.000000e+00
16, 4, 4, 32, 128, 128, 128, 128, 0.626873, 6.690836, 0.000000, 0.000000e+00
16, 4, 4, 32, 128, 32, 32, 128, 0.163965, 6.395138, 0.000000, 0.000000e+00
16, 4, 4, 32, 128, 64, 64, 128, 0.308018, 6.808538, 0.000000, 0.000000e+00
16, 4, 4, 32, 128, 156, 156, 128, 0.604006, 8.463171, 0.000000, 0.000000e+00
16, 4, 4, 32, 256, 256, 256, 256, 2.620107, 12.806512, 0.000000, 0.000000e+00
16, 4, 4, 32, 256, 32, 32, 256, 0.535098, 7.838386, 0.000000, 0.000000e+00
16, 4, 4, 32, 256, 64, 64, 256, 0.883647, 9.493169, 0.000000, 0.000000e+00
16, 4, 4, 32, 256, 128, 128, 256, 1.587717, 10.566880, 0.000000, 0.000000e+00
16, 4, 4, 32, 256, 156, 156, 256, 1.924210, 10.626301, 0.000000, 0.000000e+00
16, 4, 4, 32, 400, 400, 400, 400, 5.034904, 25.422532, 0.000000, 0.000000e+00
16, 4, 4, 32, 400, 32, 32, 400, 0.821899, 12.458945, 0.000000, 0.000000e+00
16, 4, 4, 32, 400, 64, 64, 400, 1.456239, 14.063630, 0.000000, 0.000000e+00
16, 4, 4, 32, 400, 128, 128, 400, 3.140032, 13.044454, 0.000000, 0.000000e+00
16, 4, 4, 32, 400, 156, 156, 400, 2.863190, 17.435097, 0.000000, 0.000000e+00
16, 4, 4, 32, 512, 512, 512, 512, 6.989140, 38.407508, 0.000000, 0.000000e+00
16, 4, 4, 32, 512, 32, 32, 512, 0.996380, 16.838172, 0.000000, 0.000000e+00
16, 4, 4, 32, 512, 64, 64, 512, 2.074216, 16.176922, 0.000000, 0.000000e+00
16, 4, 4, 32, 512, 128, 128, 512, 3.477493, 19.298060, 0.000000, 0.000000e+00
16, 4, 4, 32, 512, 156, 156, 512, 3.487853, 23.449651, 0.000000, 0.000000e+00
16, 4, 4, 32, 800, 800, 800, 800, 8.515803, 120.247021, 0.000000, 0.000000e+00
16, 4, 4, 32, 800, 32, 32, 800, 1.406832, 29.115068, 0.000000, 0.000000e+00
16, 4, 4, 32, 800, 64, 64, 800, 3.076112, 26.631017, 0.000000, 0.000000e+00
16, 4, 4, 32, 800, 128, 128, 800, 5.252016, 31.195642, 0.000000, 0.000000e+00
16, 4, 4, 32, 800, 156, 156, 800, 5.368042, 37.197922, 0.000000, 0.000000e+00
16, 4, 4, 32, 1024, 1024, 1024, 1024, 7.968018, 269.512899, 0.000000, 0.000000e+00
16, 4, 4, 32, 1024, 32, 32, 1024, 1.484156, 45.216856, 0.000000, 0.000000e+00
16, 4, 4, 32, 1024, 64, 64, 1024, 2.974471, 45.123223, 0.000000, 0.000000e+00
16, 4, 4, 32, 1024, 128, 128, 1024, 5.889719, 45.576951, 0.000000, 0.000000e+00
16, 4, 4, 32, 1024, 156, 156, 1024, 5.579123, 58.639267, 0.000000, 0.000000e+00
16, 4, 4, 32, 2048, 2048, 2048, 2048, 10.020875, 1714.408049, 0.000000, 0.000000e+00
16, 4, 4, 32, 2048, 32, 32, 2048, 1.888921, 142.110475, 0.000000, 0.000000e+00
16, 4, 4, 32, 2048, 64, 64, 2048, 3.737339, 143.650572, 0.000000, 0.000000e+00
16, 4, 4, 32, 2048, 128, 128, 2048, 7.319984, 146.686363, 0.000000, 0.000000e+00
16, 4, 4, 32, 2048, 156, 156, 2048, 6.237261, 209.807299, 0.000000, 0.000000e+00
16, 4, 4, 32, 3000, 3000, 3000, 3000, 19.489007, 2770.792719, 0.000000, 0.000000e+00
16, 4, 4, 32, 3000, 32, 32, 3000, 2.237089, 257.477491, 0.000000, 0.000000e+00
16, 4, 4, 32, 3000, 64, 64, 3000, 4.616925, 249.516726, 0.000000, 0.000000e+00
16, 4, 4, 32, 3000, 128, 128, 3000, 8.999506, 256.014051, 0.000000, 0.000000e+00
16, 4, 4, 32, 3000, 156, 156, 3000, 7.741483, 362.721212, 0.000000, 0.000000e+00
16, 4, 4, 32, 4096, 4096, 4096, 4096, 6.535788, 21028.674411, 0.000000, 0.000000e+00
16, 4, 4, 32, 4096, 32, 32, 4096, 2.345000, 457.885548, 0.000000, 0.000000e+00
16, 4, 4, 32, 4096, 64, 64, 4096, 4.200200, 511.281300, 0.000000, 0.000000e+00
16, 4, 4, 32, 4096, 128, 128, 4096, 8.380128, 512.518106, 0.000000, 0.000000e+00
16, 4, 4, 32, 4096, 156, 156, 4096, 6.986985, 749.177435, 0.000000, 0.000000e+00
16, 4, 4, 32, 6000, 6000, 6000, 6000, 29.366840, 14710.469265, 0.000000, 0.000000e+00
16, 4, 4, 32, 6000, 32, 32, 6000, 2.624466, 877.892782, 0.000000, 0.000000e+00
16, 4, 4, 32, 6000, 64, 64, 6000, 5.398154, 853.625189, 0.000000, 0.000000e+00
16, 4, 4, 32, 6000, 128, 128, 6000, 10.152067, 907.795456, 0.000000, 0.000000e+00
16, 4, 4, 32, 6000, 156, 156, 6000, 9.078242, 1237.243941, 0.000000, 0.000000e+00
16, 4, 4, 32, 8192, 8192, 8192, 8192, 4.589393, 239576.725524, 0.000000, 0.000000e+00
16, 4, 4, 32, 8192, 32, 32, 8192, 3.162541, 1358.074768, 0.000000, 0.000000e+00
16, 4, 4, 32, 8192, 64, 64, 8192, 4.923844, 1744.558639, 0.000000, 0.000000e+00
16, 4, 4, 32, 8192, 128, 128, 8192, 10.563307, 1626.372179, 0.000000, 0.000000e+00
16, 4, 4, 32, 8192, 156, 156, 8192, 9.141631, 2290.397234, 0.000000, 0.000000e+00
16, 4, 4, 32, 10000, 10000, 10000, 10000, 30.032849, 66593.748767, 0.000000, 0.000000e+00
16, 4, 4, 32, 10000, 32, 32, 10000, 3.208688, 1994.584492, 0.000000, 0.000000e+00
16, 4, 4, 32, 10000, 64, 64, 10000, 6.257768, 2045.457739, 0.000000, 0.000000e+00
16, 4, 4, 32, 10000, 128, 128, 10000, 13.168849, 1943.981634, 0.000000, 0.000000e+00
16, 4, 4, 32, 10000, 156, 156, 10000, 11.844277, 2634.183545, 0.000000, 0.000000e+00
20, 5, 4, 32, 32, 32, 32, 32, 0.010095, 6.491742, 0.000000, 0.000000e+00
20, 5, 4, 32, 32, 64, 64, 32, 0.018322, 7.153882, 0.000000, 0.000000e+00
20, 5, 4, 32, 32, 128, 128, 32, 0.035371, 7.411255, 0.000000, 0.000000e+00
20, 5, 4, 32, 32, 156, 156, 32, 0.039256, 8.138628, 0.000000, 0.000000e+00
20, 5, 4, 32, 64, 64, 64, 64, 0.068429, 7.661752, 0.000000, 0.000000e+00
20, 5, 4, 32, 64, 32, 32, 64, 0.039102, 6.704093, 0.000000, 0.000000e+00
20, 5, 4, 32, 64, 128, 128, 64, 0.106628, 9.833930, 0.000000, 0.000000e+00
20, 5, 4, 32, 64, 156, 156, 64, 0.140532, 9.093670, 0.000000, 0.000000e+00
20, 5, 4, 32, 128, 128, 128, 128, 0.442730, 9.473721, 0.000000, 0.000000e+00
20, 5, 4, 32, 128, 32, 32, 128, 0.129544, 8.094373, 0.000000, 0.000000e+00
20, 5, 4, 32, 128, 64, 64, 128, 0.273375, 7.671334, 0.000000, 0.000000e+00
20, 5, 4, 32, 128, 156, 156, 128, 0.593528, 8.612575, 0.000000, 0.000000e+00
20, 5, 4, 32, 256, 256, 256, 256, 2.394835, 14.011166, 0.000000, 0.000000e+00
20, 5, 4, 32, 256, 32, 32, 256, 0.462149, 9.075660, 0.000000, 0.000000e+00
20, 5, 4, 32, 256, 64, 64, 256, 0.662143, 12.668877, 0.000000, 0.000000e+00
20, 5, 4, 32, 256, 128, 128, 256, 1.404779, 11.942959, 0.000000, 0.000000e+00
20, 5, 4, 32, 256, 156, 156, 256, 1.211066, 16.883670, 0.000000, 0.000000e+00
20, 5, 4, 32, 400, 400, 400, 400, 5.042511, 25.384181, 0.000000, 0.000000e+00
20, 5, 4, 32, 400, 32, 32, 400, 0.706763, 14.488585, 0.000000, 0.000000e+00
20, 5, 4, 32, 400, 64, 64, 400, 1.526030, 13.420441, 0.000000, 0.000000e+00
20, 5, 4, 32, 400, 128, 128, 400, 2.695537, 15.195487, 0.000000, 0.000000e+00
20, 5, 4, 32, 400, 156, 156, 400, 2.759133, 18.092643, 0.000000, 0.000000e+00
20, 5, 4, 32, 512, 512, 512, 512, 6.596891, 40.691205, 0.000000, 0.000000e+00
20, 5, 4, 32, 512, 32, 32, 512, 0.943829, 17.775687, 0.000000, 0.000000e+00
20, 5, 4, 32, 512, 64, 64, 512, 1.980055, 16.946216, 0.000000, 0.000000e+00
20, 5, 4, 32, 512, 128, 128, 512, 3.402733, 19.722046, 0.000000, 0.000000e+00
20, 5, 4, 32, 512, 156, 156, 512, 3.166331, 25.830822, 0.000000, 0.000000e+00
20, 5, 4, 32, 800, 800, 800, 800, 10.131135, 101.074562, 0.000000, 0.000000e+00
20, 5, 4, 32, 800, 32, 32, 800, 1.476188, 27.747140, 0.000000, 0.000000e+00
20, 5, 4, 32, 800, 64, 64, 800, 2.944344, 27.822836, 0.000000, 0.000000e+00
20, 5, 4, 32, 800, 128, 128, 800, 5.369810, 30.511319, 0.000000, 0.000000e+00
20, 5, 4, 32, 800, 156, 156, 800, 5.147245, 38.793565, 0.000000, 0.000000e+00
20, 5, 4, 32, 1024, 1024, 1024, 1024, 9.521224, 225.547019, 0.000000, 0.000000e+00
20, 5, 4, 32, 1024, 32, 32, 1024, 1.529382, 43.879726, 0.000000, 0.000000e+00
20, 5, 4, 32, 1024, 64, 64, 1024, 3.004443, 44.673080, 0.000000, 0.000000e+00
20, 5, 4, 32, 1024, 128, 128, 1024, 5.665998, 47.376555, 0.000000, 0.000000e+00
20, 5, 4, 32, 1024, 156, 156, 1024, 5.517499, 59.294201, 0.000000, 0.000000e+00
20, 5, 4, 32, 2048, 2048, 2048, 2048, 10.469170, 1640.996339, 0.000000, 0.000000e+00
20, 5, 4, 32, 2048, 32, 32, 2048, 1.954007, 137.376894, 0.000000, 0.000000e+00
20, 5, 4, 32, 2048, 64, 64, 2048, 4.020731, 133.525696, 0.000000, 0.000000e+00
20, 5, 4, 32, 2048, 128, 128, 2048, 7.776697, 138.071713, 0.000000, 0.000000e+00
20, 5, 4, 32, 2048, 156, 156, 2048, 6.932911, 188.755191, 0.000000, 0.000000e+00
20, 5, 4, 32, 3000, 3000, 3000, 3000, 19.461583, 2774.697246, 0.000000, 0.000000e+00
20, 5, 4, 32, 3000, 32, 32, 3000, 2.493155, 231.032612, 0.000000, 0.000000e+00
20, 5, 4, 32, 3000, 64, 64, 3000, 4.894937, 235.345201, 0.000000, 0.000000e+00
20, 5, 4, 32, 3000, 128, 128, 3000, 9.654811, 238.637492, 0.000000, 0.000000e+00
20, 5, 4, 32, 3000, 156, 156, 3000, 8.456619, 332.047597, 0.000000, 0.000000e+00
20, 5, 4, 32, 4096, 4096, 4096, 4096, 7.737366, 17763.016739, 0.000000, 0.000000e+00
20, 5, 4, 32, 4096, 32, 32, 4096, 2.371177, 452.830691, 0.000000, 0.000000e+00
20, 5, 4, 32, 4096, 64, 64, 4096, 4.875167, 440.494348, 0.000000, 0.000000e+00
20, 5, 4, 32, 4096, 128, 128, 4096, 9.354504, 459.133601, 0.000000, 0.000000e+00
20, 5, 4, 32, 4096, 156, 156, 4096, 7.973202, 656.510532, 0.000000, 0.000000e+00
20, 5, 4, 32, 6000, 6000, 6000, 6000, 34.373352, 12567.875338, 0.000000, 0.000000e+00
20, 5, 4, 32, 6000, 32, 32, 6000, 2.818393, 817.487227, 0.000000, 0.000000e+00
20, 5, 4, 32, 6000, 64, 64, 6000, 5.747768, 801.702480, 0.000000, 0.000000e+00
20, 5, 4, 32, 6000, 128, 128, 6000, 11.690558, 788.328467, 0.000000, 0.000000e+00
20, 5, 4, 32, 6000, 156, 156, 6000, 9.710477, 1156.688745, 0.000000, 0.000000e+00
20, 5, 4, 32, 8192, 8192, 8192, 8192, 5.285485, 208024.746198, 0.000000, 0.000000e+00
20, 5, 4, 32, 8192, 32, 32, 8192, 2.819650, 1523.227231, 0.000000, 0.000000e+00
20, 5, 4, 32, 8192, 64, 64, 8192, 5.386925, 1594.589628, 0.000000, 0.000000e+00
20, 5, 4, 32, 8192, 128, 128, 8192, 10.792296, 1591.864186, 0.000000, 0.000000e+00
20, 5, 4, 32, 8192, 156, 156, 8192, 9.210685, 2273.225618, 0.000000, 0.000000e+00
20, 5, 4, 32, 10000, 10000, 10000, 10000, 36.352145, 55017.386211, 0.000000, 0.000000e+00
20, 5, 4, 32, 10000, 32, 32, 10000, 2.914775, 2195.709702, 0.000000, 0.000000e+00
20, 5, 4, 32, 10000, 64, 64, 10000, 6.077599, 2106.094800, 0.000000, 0.000000e+00
20, 5, 4, 32, 10000, 128, 128, 10000, 12.165737, 2104.270409, 0.000000, 0.000000e+00
20, 5, 4, 32, 10000, 156, 156, 10000, 10.217245, 3053.660661, 0.000000, 0.000000e+00
